{"cameraMode":{"drawMode":0,"name":"Shaded","section":"Shading Mode"},"sceneLighting":true,"audioPlay":false,"sceneViewState":{"showFog":true,"showMaterialUpdate":false,"showSkybox":true,"showFlares":true,"showImageEffects":true,"showParticleSystems":true},"in2DMode":false,"pivot":{"x":1016.8800048828125,"y":605.0400390625,"z":0.0},"rotation":{"x":-0.03149329125881195,"y":-0.010494710877537728,"z":-0.0003311842738185078,"w":0.999448835849762},"size":1230.8778076171875,"orthographic":true}