{"cameraMode":{"drawMode":0,"name":"Shaded","section":"Shading Mode"},"sceneLighting":true,"audioPlay":false,"sceneViewState":{"showFog":true,"showMaterialUpdate":false,"showSkybox":true,"showFlares":true,"showImageEffects":true,"showParticleSystems":true},"in2DMode":false,"pivot":{"x":1025.2799072265625,"y":95.6470947265625,"z":0.0},"rotation":{"x":0.03684158995747566,"y":0.0509432815015316,"z":-0.001880487659946084,"w":0.9980200529098511},"size":2774.840087890625,"orthographic":true}