{"cameraMode":{"drawMode":0,"name":"Shaded","section":"Shading Mode"},"sceneLighting":false,"audioPlay":false,"sceneViewState":{"showFog":true,"showMaterialUpdate":false,"showSkybox":false,"showFlares":true,"showImageEffects":true,"showParticleSystems":true},"in2DMode":false,"pivot":{"x":0.0,"y":0.13763529062271119,"z":-0.019690752029418947},"rotation":{"x":0.4972880184650421,"y":-0.008851093240082264,"z":0.005033846944570541,"w":0.8675258159637451},"size":4.8883280754089359,"orthographic":false}