{"cameraMode":{"drawMode":0,"name":"Shaded","section":"Shading Mode"},"sceneLighting":false,"audioPlay":false,"sceneViewState":{"showFog":true,"showMaterialUpdate":false,"showSkybox":false,"showFlares":true,"showImageEffects":true,"showParticleSystems":true},"in2DMode":false,"pivot":{"x":0.0003049299120903015,"y":0.048865679651498798,"z":0.023015402257442476},"rotation":{"x":0.1772179901599884,"y":-0.060485340654850009,"z":0.01091081090271473,"w":0.9822506308555603},"size":0.23835954070091248,"orthographic":false}