{"cameraMode":{"drawMode":0,"name":"Shaded","section":"Shading Mode"},"sceneLighting":false,"audioPlay":false,"sceneViewState":{"showFog":true,"showMaterialUpdate":false,"showSkybox":false,"showFlares":true,"showImageEffects":true,"showParticleSystems":true},"in2DMode":false,"pivot":{"x":3.5762786865234377e-7,"y":6.019987106323242,"z":-0.05257892608642578},"rotation":{"x":0.4972880184650421,"y":-0.008851093240082264,"z":0.005033846944570541,"w":0.8675258159637451},"size":20.467884063720704,"orthographic":false}