{"cameraMode":{"drawMode":0,"name":"Shaded","section":"Shading Mode"},"sceneLighting":true,"audioPlay":false,"sceneViewState":{"showFog":true,"showMaterialUpdate":false,"showSkybox":true,"showFlares":true,"showImageEffects":true,"showParticleSystems":true},"in2DMode":false,"pivot":{"x":-49.619998931884769,"y":20.0,"z":0.8399999737739563},"rotation":{"x":0.4504017233848572,"y":-0.024101149290800096,"z":0.012163772247731686,"w":0.8924177885055542},"size":28.649723052978517,"orthographic":false}