{"cameraMode":{"drawMode":0,"name":"Shaded","section":"Shading Mode"},"sceneLighting":false,"audioPlay":false,"sceneViewState":{"showFog":true,"showMaterialUpdate":false,"showSkybox":false,"showFlares":true,"showImageEffects":true,"showParticleSystems":true},"in2DMode":false,"pivot":{"x":0.5392049551010132,"y":-0.008942676708102227,"z":0.38245347142219546},"rotation":{"x":0.06260482221841812,"y":0.6856285929679871,"z":-0.059387557208538058,"w":0.722818911075592},"size":3.8334529399871828,"orthographic":false}