{"cameraMode":{"drawMode":0,"name":"Shaded","section":"Shading Mode"},"sceneLighting":true,"audioPlay":false,"sceneViewState":{"showFog":true,"showMaterialUpdate":false,"showSkybox":true,"showFlares":true,"showImageEffects":true,"showParticleSystems":true},"in2DMode":false,"pivot":{"x":-45.553199768066409,"y":15.714141845703125,"z":13.88570499420166},"rotation":{"x":0.4505618214607239,"y":0.0053565320558846,"z":-0.0027035160455852749,"w":0.8927251100540161},"size":48.03787612915039,"orthographic":false}