{"cameraMode":{"drawMode":0,"name":"Shaded","section":"Shading Mode"},"sceneLighting":false,"audioPlay":false,"sceneViewState":{"showFog":true,"showMaterialUpdate":false,"showSkybox":false,"showFlares":true,"showImageEffects":true,"showParticleSystems":true},"in2DMode":false,"pivot":{"x":-0.08394241333007813,"y":3.5675675868988039,"z":0.5275664329528809},"rotation":{"x":0.27782610058784487,"y":-0.5572291612625122,"z":0.20495469868183137,"w":0.7551833987236023},"size":51.62308120727539,"orthographic":false}