{"cameraMode":{"drawMode":0,"name":"Shaded","section":"Shading Mode"},"sceneLighting":false,"audioPlay":false,"sceneViewState":{"showFog":true,"showMaterialUpdate":false,"showSkybox":false,"showFlares":true,"showImageEffects":true,"showParticleSystems":true},"in2DMode":false,"pivot":{"x":-0.0035762786865234377,"y":2.1640384197235109,"z":0.004377961158752441},"rotation":{"x":0.18838368356227876,"y":-0.19706669449806214,"z":0.03858083114027977,"w":0.9613469243049622},"size":19.62181854248047,"orthographic":false}