{"cameraMode":{"drawMode":0,"name":"Shaded","section":"Shading Mode"},"sceneLighting":false,"audioPlay":false,"sceneViewState":{"showFog":true,"showMaterialUpdate":false,"showSkybox":false,"showFlares":true,"showImageEffects":true,"showParticleSystems":true},"in2DMode":false,"pivot":{"x":0.6511988639831543,"y":9.196643829345704,"z":-0.8910493850708008},"rotation":{"x":0.18838368356227876,"y":-0.19706669449806214,"z":0.03858083114027977,"w":0.9613469243049622},"size":42.92133331298828,"orthographic":false}