{"cameraMode":{"drawMode":0,"name":"Shaded","section":"Shading Mode"},"sceneLighting":false,"audioPlay":false,"sceneViewState":{"showFog":true,"showMaterialUpdate":false,"showSkybox":false,"showFlares":true,"showImageEffects":true,"showParticleSystems":true},"in2DMode":false,"pivot":{"x":4.866161346435547,"y":-1.1425457000732422,"z":-9.269896507263184},"rotation":{"x":0.5233624577522278,"y":0.006386480759829283,"z":-0.0039227623492479328,"w":0.8520772457122803},"size":19.517541885375978,"orthographic":false}